"0","pacman::p_load(pacman, dplyr, GGally, ggplot2, ggthemes, ggris, lubridate, plotly, rio, rmarkdown, shiny, stringr, tidyr)"
"2","Installing package into ‘/cloud/lib/x86_64-pc-linux-gnu-library/4.3’
(as ‘lib’ is unspecified)
"
"2","also installing the dependencies ‘fansi’, ‘utf8’, ‘pkgconfig’, ‘withr’, ‘generics’, ‘magrittr’, ‘pillar’, ‘tibble’, ‘tidyselect’, ‘vctrs’

"
"2","trying URL 'http://rspm/default/__linux__/focal/latest/src/contrib/fansi_1.0.6.tar.gz'
"
"2","Content type 'application/x-gzip'"
"2"," length 307214 bytes (300 KB)
"
"2","="
"2","="
"2","="
"2","="
"2","="
"2","="
"2","="
"2","="
"2","="
"2","="
"2","="
"2","="
"2","="
"2","="
"2","="
"2","="
"2","="
"2","="
"2","="
"2","="
"2","="
"2","="
"2","="
"2","="
"2","="
"2","="
"2","="
"2","="
"2","="
"2","="
"2","="
"2","="
"2","="
"2","="
"2","="
"2","="
"2","="
"2","="
"2","="
"2","="
"2","="
"2","="
"2","="
"2","="
"2","="
"2","="
"2","="
"2","="
"2","="
"2","="
"2","
"
"2","downloaded 300 KB

"
"2","trying URL 'http://rspm/default/__linux__/focal/latest/src/contrib/utf8_1.2.4.tar.gz'
"
"2","Content type 'application/x-gzip'"
"2"," length 146355 bytes (142 KB)
"
"2","="
"2","="
"2","="
"2","="
"2","="
"2","="
"2","="
"2","="
"2","="
"2","="
"2","="
"2","="
"2","="
"2","="
"2","="
"2","="
"2","="
"2","="
"2","="
"2","="
"2","="
"2","="
"2","="
"2","="
"2","="
"2","="
"2","="
"2","="
"2","="
"2","="
"2","="
"2","="
"2","="
"2","="
"2","="
"2","="
"2","="
"2","="
"2","="
"2","="
"2","="
"2","="
"2","="
"2","="
"2","="
"2","="
"2","="
"2","="
"2","="
"2","="
"2","
"
"2","downloaded 142 KB

"
"2","trying URL 'http://rspm/default/__linux__/focal/latest/src/contrib/pkgconfig_2.0.3.tar.gz'
"
"2","Content type 'application/x-gzip'"
"2"," length 17604 bytes (17 KB)
"
"2","="
"2","="
"2","="
"2","="
"2","="
"2","="
"2","="
"2","="
"2","="
"2","="
"2","="
"2","="
"2","="
"2","="
"2","="
"2","="
"2","="
"2","="
"2","="
"2","="
"2","="
"2","="
"2","="
"2","="
"2","="
"2","="
"2","="
"2","="
"2","="
"2","="
"2","="
"2","="
"2","="
"2","="
"2","="
"2","="
"2","="
"2","="
"2","="
"2","="
"2","="
"2","="
"2","="
"2","="
"2","="
"2","="
"2","="
"2","="
"2","="
"2","="
"2","
"
"2","downloaded 17 KB

"
"2","trying URL 'http://rspm/default/__linux__/focal/latest/src/contrib/withr_3.0.0.tar.gz'
"
"2","Content type 'application/x-gzip'"
"2"," length 237641 bytes (232 KB)
"
"2","="
"2","="
"2","="
"2","="
"2","="
"2","="
"2","="
"2","="
"2","="
"2","="
"2","="
"2","="
"2","="
"2","="
"2","="
"2","="
"2","="
"2","="
"2","="
"2","="
"2","="
"2","="
"2","="
"2","="
"2","="
"2","="
"2","="
"2","="
"2","="
"2","="
"2","="
"2","="
"2","="
"2","="
"2","="
"2","="
"2","="
"2","="
"2","="
"2","="
"2","="
"2","="
"2","="
"2","="
"2","="
"2","="
"2","="
"2","="
"2","="
"2","="
"2","
"
"2","downloaded 232 KB

"
"2","trying URL 'http://rspm/default/__linux__/focal/latest/src/contrib/generics_0.1.3.tar.gz'
"
"2","Content type 'application/x-gzip'"
"2"," length 76344 bytes (74 KB)
"
"2","="
"2","="
"2","="
"2","="
"2","="
"2","="
"2","="
"2","="
"2","="
"2","="
"2","="
"2","="
"2","="
"2","="
"2","="
"2","="
"2","="
"2","="
"2","="
"2","="
"2","="
"2","="
"2","="
"2","="
"2","="
"2","="
"2","="
"2","="
"2","="
"2","="
"2","="
"2","="
"2","="
"2","="
"2","="
"2","="
"2","="
"2","="
"2","="
"2","="
"2","="
"2","="
"2","="
"2","="
"2","="
"2","="
"2","="
"2","="
"2","="
"2","="
"2","
"
"2","downloaded 74 KB

"
"2","trying URL 'http://rspm/default/__linux__/focal/latest/src/contrib/magrittr_2.0.3.tar.gz'
"
"2","Content type 'application/x-gzip'"
"2"," length 221130 bytes (215 KB)
"
"2","="
"2","="
"2","="
"2","="
"2","="
"2","="
"2","="
"2","="
"2","="
"2","="
"2","="
"2","="
"2","="
"2","="
"2","="
"2","="
"2","="
"2","="
"2","="
"2","="
"2","="
"2","="
"2","="
"2","="
"2","="
"2","="
"2","="
"2","="
"2","="
"2","="
"2","="
"2","="
"2","="
"2","="
"2","="
"2","="
"2","="
"2","="
"2","="
"2","="
"2","="
"2","="
"2","="
"2","="
"2","="
"2","="
"2","="
"2","="
"2","="
"2","="
"2","
"
"2","downloaded 215 KB

"
"2","trying URL 'http://rspm/default/__linux__/focal/latest/src/contrib/pillar_1.9.0.tar.gz'
"
"2","Content type 'application/x-gzip'"
"2"," length 646288 bytes (631 KB)
"
"2","="
"2","="
"2","="
"2","="
"2","="
"2","="
"2","="
"2","="
"2","="
"2","="
"2","="
"2","="
"2","="
"2","="
"2","="
"2","="
"2","="
"2","="
"2","="
"2","="
"2","="
"2","="
"2","="
"2","="
"2","="
"2","="
"2","="
"2","="
"2","="
"2","="
"2","="
"2","="
"2","="
"2","="
"2","="
"2","="
"2","="
"2","="
"2","="
"2","="
"2","="
"2","="
"2","="
"2","="
"2","="
"2","="
"2","="
"2","="
"2","="
"2","="
"2","
"
"2","downloaded 631 KB

"
"2","trying URL 'http://rspm/default/__linux__/focal/latest/src/contrib/tibble_3.2.1.tar.gz'
"
"2","Content type 'application/x-gzip'"
"2"," length 672200 bytes (656 KB)
"
"2","="
"2","="
"2","="
"2","="
"2","="
"2","="
"2","="
"2","="
"2","="
"2","="
"2","="
"2","="
"2","="
"2","="
"2","="
"2","="
"2","="
"2","="
"2","="
"2","="
"2","="
"2","="
"2","="
"2","="
"2","="
"2","="
"2","="
"2","="
"2","="
"2","="
"2","="
"2","="
"2","="
"2","="
"2","="
"2","="
"2","="
"2","="
"2","="
"2","="
"2","="
"2","="
"2","="
"2","="
"2","="
"2","="
"2","="
"2","="
"2","="
"2","="
"2","
"
"2","downloaded 656 KB

"
"2","trying URL 'http://rspm/default/__linux__/focal/latest/src/contrib/tidyselect_1.2.1.tar.gz'
"
"2","Content type 'application/x-gzip'"
"2"," length 221930 bytes (216 KB)
"
"2","="
"2","="
"2","="
"2","="
"2","="
"2","="
"2","="
"2","="
"2","="
"2","="
"2","="
"2","="
"2","="
"2","="
"2","="
"2","="
"2","="
"2","="
"2","="
"2","="
"2","="
"2","="
"2","="
"2","="
"2","="
"2","="
"2","="
"2","="
"2","="
"2","="
"2","="
"2","="
"2","="
"2","="
"2","="
"2","="
"2","="
"2","="
"2","="
"2","="
"2","="
"2","="
"2","="
"2","="
"2","="
"2","="
"2","="
"2","="
"2","="
"2","="
"2","
"
"2","downloaded 216 KB

"
"2","trying URL 'http://rspm/default/__linux__/focal/latest/src/contrib/vctrs_0.6.5.tar.gz'
"
"2","Content type 'application/x-gzip'"
"2"," length 1284237 bytes (1.2 MB)
"
"2","="
"2","="
"2","="
"2","="
"2","="
"2","="
"2","="
"2","="
"2","="
"2","="
"2","="
"2","="
"2","="
"2","="
"2","="
"2","="
"2","="
"2","="
"2","="
"2","="
"2","="
"2","="
"2","="
"2","="
"2","="
"2","="
"2","="
"2","="
"2","="
"2","="
"2","="
"2","="
"2","="
"2","="
"2","="
"2","="
"2","="
"2","="
"2","="
"2","="
"2","="
"2","="
"2","="
"2","="
"2","="
"2","="
"2","="
"2","="
"2","="
"2","="
"2","
"
"2","downloaded 1.2 MB

"
"2","trying URL 'http://rspm/default/__linux__/focal/latest/src/contrib/dplyr_1.1.4.tar.gz'
"
"2","Content type 'application/x-gzip'"
"2"," length 1465481 bytes (1.4 MB)
"
"2","="
"2","="
"2","="
"2","="
"2","="
"2","="
"2","="
"2","="
"2","="
"2","="
"2","="
"2","="
"2","="
"2","="
"2","="
"2","="
"2","="
"2","="
"2","="
"2","="
"2","="
"2","="
"2","="
"2","="
"2","="
"2","="
"2","="
"2","="
"2","="
"2","="
"2","="
"2","="
"2","="
"2","="
"2","="
"2","="
"2","="
"2","="
"2","="
"2","="
"2","="
"2","="
"2","="
"2","="
"2","="
"2","="
"2","="
"2","="
"2","="
"2","="
"2","
"
"2","downloaded 1.4 MB

"
"2","* installing *binary* package ‘fansi’ ...
"
"2","* DONE (fansi)
"
"2","* installing *binary* package ‘utf8’ ...
"
"2","* DONE (utf8)
"
"2","* installing *binary* package ‘pkgconfig’ ...
"
"2","* DONE (pkgconfig)
"
"2","* installing *binary* package ‘withr’ ...
"
"2","* DONE (withr)
"
"2","* installing *binary* package ‘generics’ ...
"
"2","* DONE (generics)
"
"2","* installing *binary* package ‘magrittr’ ...
"
"2","* DONE (magrittr)
"
"2","* installing *binary* package ‘vctrs’ ...
"
"2","* DONE (vctrs)
"
"2","* installing *binary* package ‘pillar’ ...
"
"2","* DONE (pillar)
"
"2","* installing *binary* package ‘tidyselect’ ...
"
"2","* DONE (tidyselect)
"
"2","* installing *binary* package ‘tibble’ ...
"
"2","* DONE (tibble)
"
"2","* installing *binary* package ‘dplyr’ ...
"
"2","* DONE (dplyr)
"
"2","
"
"2",""
"2","The downloaded source packages are in
	‘/tmp/RtmpK9TADS/downloaded_packages’"
"2",""
"2","
"
"2","
dplyr installed
"
"2","Installing package into ‘/cloud/lib/x86_64-pc-linux-gnu-library/4.3’
(as ‘lib’ is unspecified)
"
"2","also installing the dependencies ‘bit’, ‘bit64’, ‘clipr’, ‘vroom’, ‘tzdb’, ‘readr’, ‘backports’, ‘haven’, ‘stringi’, ‘broom’, ‘labelled’, ‘colorspace’, ‘isoband’, ‘purrr’, ‘stringr’, ‘cpp11’, ‘broom.helpers’, ‘forcats’, ‘patchwork’, ‘Rcpp’, ‘crayon’, ‘hms’, ‘prettyunits’, ‘farver’, ‘labeling’, ‘munsell’, ‘viridisLite’, ‘ggplot2’, ‘tidyr’, ‘ggstats’, ‘gtable’, ‘plyr’, ‘progress’, ‘RColorBrewer’, ‘scales’

"
"2","trying URL 'http://rspm/default/__linux__/focal/latest/src/contrib/bit_4.0.5.tar.gz'
"
"2","Content type 'application/x-gzip'"
"2"," length 1130353 bytes (1.1 MB)
"
"2","="
"2","="
"2","="
"2","="
"2","="
"2","="
"2","="
"2","="
"2","="
"2","="
"2","="
"2","="
"2","="
"2","="
"2","="
"2","="
"2","="
"2","="
"2","="
"2","="
"2","="
"2","="
"2","="
"2","="
"2","="
"2","="
"2","="
"2","="
"2","="
"2","="
"2","="
"2","="
"2","="
"2","="
"2","="
"2","="
"2","="
"2","="
"2","="
"2","="
"2","="
"2","="
"2","="
"2","="
"2","="
"2","="
"2","="
"2","="
"2","="
"2","="
"2","
"
"2","downloaded 1.1 MB

"
"2","trying URL 'http://rspm/default/__linux__/focal/latest/src/contrib/bit64_4.0.5.tar.gz'
"
"2","Content type 'application/x-gzip'"
"2"," length 475822 bytes (464 KB)
"
"2","="
"2","="
"2","="
"2","="
"2","="
"2","="
"2","="
"2","="
"2","="
"2","="
"2","="
"2","="
"2","="
"2","="
"2","="
"2","="
"2","="
"2","="
"2","="
"2","="
"2","="
"2","="
"2","="
"2","="
"2","="
"2","="
"2","="
"2","="
"2","="
"2","="
"2","="
"2","="
"2","="
"2","="
"2","="
"2","="
"2","="
"2","="
"2","="
"2","="
"2","="
"2","="
"2","="
"2","="
"2","="
"2","="
"2","="
"2","="
"2","="
"2","="
"2","
"
"2","downloaded 464 KB

"
"2","trying URL 'http://rspm/default/__linux__/focal/latest/src/contrib/clipr_0.8.0.tar.gz'
"
"2","Content type 'application/x-gzip'"
"2"," length 50039 bytes (48 KB)
"
"2","="
"2","="
"2","="
"2","="
"2","="
"2","="
"2","="
"2","="
"2","="
"2","="
"2","="
"2","="
"2","="
"2","="
"2","="
"2","="
"2","="
"2","="
"2","="
"2","="
"2","="
"2","="
"2","="
"2","="
"2","="
"2","="
"2","="
"2","="
"2","="
"2","="
"2","="
"2","="
"2","="
"2","="
"2","="
"2","="
"2","="
"2","="
"2","="
"2","="
"2","="
"2","="
"2","="
"2","="
"2","="
"2","="
"2","="
"2","="
"2","="
"2","="
"2","
"
"2","downloaded 48 KB

"
"2","trying URL 'http://rspm/default/__linux__/focal/latest/src/contrib/vroom_1.6.5.tar.gz'
"
"2","Content type 'application/x-gzip'"
"2"," length 958243 bytes (935 KB)
"
"2","="
"2","="
"2","="
"2","="
"2","="
"2","="
"2","="
"2","="
"2","="
"2","="
"2","="
"2","="
"2","="
"2","="
"2","="
"2","="
"2","="
"2","="
"2","="
"2","="
"2","="
"2","="
"2","="
"2","="
"2","="
"2","="
"2","="
"2","="
"2","="
"2","="
"2","="
"2","="
"2","="
"2","="
"2","="
"2","="
"2","="
"2","="
"2","="
"2","="
"2","="
"2","="
"2","="
"2","="
"2","="
"2","="
"2","="
"2","="
"2","="
"2","="
"2","
"
"2","downloaded 935 KB

"
"2","trying URL 'http://rspm/default/__linux__/focal/latest/src/contrib/tzdb_0.4.0.tar.gz'
"
"2","Content type 'application/x-gzip'"
"2"," length 643410 bytes (628 KB)
"
"2","="
"2","="
"2","="
"2","="
"2","="
"2","="
"2","="
"2","="
"2","="
"2","="
"2","="
"2","="
"2","="
"2","="
"2","="
"2","="
"2","="
"2","="
"2","="
"2","="
"2","="
"2","="
"2","="
"2","="
"2","="
"2","="
"2","="
"2","="
"2","="
"2","="
"2","="
"2","="
"2","="
"2","="
"2","="
"2","="
"2","="
"2","="
"2","="
"2","="
"2","="
"2","="
"2","="
"2","="
"2","="
"2","="
"2","="
"2","="
"2","="
"2","="
"2","
"
"2","downloaded 628 KB

"
"2","trying URL 'http://rspm/default/__linux__/focal/latest/src/contrib/readr_2.1.5.tar.gz'
"
"2","Content type 'application/x-gzip'"
"2"," length 885555 bytes (864 KB)
"
"2","="
"2","="
"2","="
"2","="
"2","="
"2","="
"2","="
"2","="
"2","="
"2","="
"2","="
"2","="
"2","="
"2","="
"2","="
"2","="
"2","="
"2","="
"2","="
"2","="
"2","="
"2","="
"2","="
"2","="
"2","="
"2","="
"2","="
"2","="
"2","="
"2","="
"2","="
"2","="
"2","="
"2","="
"2","="
"2","="
"2","="
"2","="
"2","="
"2","="
"2","="
"2","="
"2","="
"2","="
"2","="
"2","="
"2","="
"2","="
"2","="
"2","="
"2","
"
"2","downloaded 864 KB

"
"2","trying URL 'http://rspm/default/__linux__/focal/latest/src/contrib/backports_1.4.1.tar.gz'
"
"2","Content type 'application/x-gzip'"
"2"," length 95059 bytes (92 KB)
"
"2","="
"2","="
"2","="
"2","="
"2","="
"2","="
"2","="
"2","="
"2","="
"2","="
"2","="
"2","="
"2","="
"2","="
"2","="
"2","="
"2","="
"2","="
"2","="
"2","="
"2","="
"2","="
"2","="
"2","="
"2","="
"2","="
"2","="
"2","="
"2","="
"2","="
"2","="
"2","="
"2","="
"2","="
"2","="
"2","="
"2","="
"2","="
"2","="
"2","="
"2","="
"2","="
"2","="
"2","="
"2","="
"2","="
"2","="
"2","="
"2","="
"2","="
"2","
"
"2","downloaded 92 KB

"
"2","trying URL 'http://rspm/default/__linux__/focal/latest/src/contrib/haven_2.5.4.tar.gz'
"
"2","Content type 'application/x-gzip'"
"2"," length 391227 bytes (382 KB)
"
"2","="
"2","="
"2","="
"2","="
"2","="
"2","="
"2","="
"2","="
"2","="
"2","="
"2","="
"2","="
"2","="
"2","="
"2","="
"2","="
"2","="
"2","="
"2","="
"2","="
"2","="
"2","="
"2","="
"2","="
"2","="
"2","="
"2","="
"2","="
"2","="
"2","="
"2","="
"2","="
"2","="
"2","="
"2","="
"2","="
"2","="
"2","="
"2","="
"2","="
"2","="
"2","="
"2","="
"2","="
"2","="
"2","="
"2","="
"2","="
"2","="
"2","="
"2","
"
"2","downloaded 382 KB

"
"2","trying URL 'http://rspm/default/__linux__/focal/latest/src/contrib/stringi_1.8.3.tar.gz'
"
"2","Content type 'application/x-gzip'"
"2"," length 4314955 bytes (4.1 MB)
"
"2","="
"2","="
"2","="
"2","="
"2","="
"2","="
"2","="
"2","="
"2","="
"2","="
"2","="
"2","="
"2","="
"2","="
"2","="
"2","="
"2","="
"2","="
"2","="
"2","="
"2","="
"2","="
"2","="
"2","="
"2","="
"2","="
"2","="
"2","="
"2","="
"2","="
"2","="
"2","="
"2","="
"2","="
"2","="
"2","="
"2","="
"2","="
"2","="
"2","="
"2","="
"2","="
"2","="
"2","="
"2","="
"2","="
"2","="
"2","="
"2","="
"2","="
"2","
"
"2","downloaded 4.1 MB

"
"2","trying URL 'http://rspm/default/__linux__/focal/latest/src/contrib/broom_1.0.5.tar.gz'
"
"2","Content type 'application/x-gzip'"
"2"," length 1853560 bytes (1.8 MB)
"
"2","="
"2","="
"2","="
"2","="
"2","="
"2","="
"2","="
"2","="
"2","="
"2","="
"2","="
"2","="
"2","="
"2","="
"2","="
"2","="
"2","="
"2","="
"2","="
"2","="
"2","="
"2","="
"2","="
"2","="
"2","="
"2","="
"2","="
"2","="
"2","="
"2","="
"2","="
"2","="
"2","="
"2","="
"2","="
"2","="
"2","="
"2","="
"2","="
"2","="
"2","="
"2","="
"2","="
"2","="
"2","="
"2","="
"2","="
"2","="
"2","="
"2","="
"2","
"
"2","downloaded 1.8 MB

"
"2","trying URL 'http://rspm/default/__linux__/focal/latest/src/contrib/labelled_2.12.0.tar.gz'
"
"2","Content type 'application/x-gzip'"
"2"," length 308598 bytes (301 KB)
"
"2","="
"2","="
"2","="
"2","="
"2","="
"2","="
"2","="
"2","="
"2","="
"2","="
"2","="
"2","="
"2","="
"2","="
"2","="
"2","="
"2","="
"2","="
"2","="
"2","="
"2","="
"2","="
"2","="
"2","="
"2","="
"2","="
"2","="
"2","="
"2","="
"2","="
"2","="
"2","="
"2","="
"2","="
"2","="
"2","="
"2","="
"2","="
"2","="
"2","="
"2","="
"2","="
"2","="
"2","="
"2","="
"2","="
"2","="
"2","="
"2","="
"2","="
"2","
"
"2","downloaded 301 KB

"
"2","trying URL 'http://rspm/default/__linux__/focal/latest/src/contrib/colorspace_2.1-0.tar.gz'
"
"2","Content type 'application/x-gzip'"
"2"," length 2590794 bytes (2.5 MB)
"
"2","="
"2","="
"2","="
"2","="
"2","="
"2","="
"2","="
"2","="
"2","="
"2","="
"2","="
"2","="
"2","="
"2","="
"2","="
"2","="
"2","="
"2","="
"2","="
"2","="
"2","="
"2","="
"2","="
"2","="
"2","="
"2","="
"2","="
"2","="
"2","="
"2","="
"2","="
"2","="
"2","="
"2","="
"2","="
"2","="
"2","="
"2","="
"2","="
"2","="
"2","="
"2","="
"2","="
"2","="
"2","="
"2","="
"2","="
"2","="
"2","="
"2","="
"2","
"
"2","downloaded 2.5 MB

"
"2","trying URL 'http://rspm/default/__linux__/focal/latest/src/contrib/isoband_0.2.7.tar.gz'
"
"2","Content type 'application/x-gzip'"
"2"," length 1642296 bytes (1.6 MB)
"
"2","="
"2","="
"2","="
"2","="
"2","="
"2","="
"2","="
"2","="
"2","="
"2","="
"2","="
"2","="
"2","="
"2","="
"2","="
"2","="
"2","="
"2","="
"2","="
"2","="
"2","="
"2","="
"2","="
"2","="
"2","="
"2","="
"2","="
"2","="
"2","="
"2","="
"2","="
"2","="
"2","="
"2","="
"2","="
"2","="
"2","="
"2","="
"2","="
"2","="
"2","="
"2","="
"2","="
"2","="
"2","="
"2","="
"2","="
"2","="
"2","="
"2","="
"2","
"
"2","downloaded 1.6 MB

"
"2","trying URL 'http://rspm/default/__linux__/focal/latest/src/contrib/purrr_1.0.2.tar.gz'
"
"2","Content type 'application/x-gzip'"
"2"," length 487880 bytes (476 KB)
"
"2","="
"2","="
"2","="
"2","="
"2","="
"2","="
"2","="
"2","="
"2","="
"2","="
"2","="
"2","="
"2","="
"2","="
"2","="
"2","="
"2","="
"2","="
"2","="
"2","="
"2","="
"2","="
"2","="
"2","="
"2","="
"2","="
"2","="
"2","="
"2","="
"2","="
"2","="
"2","="
"2","="
"2","="
"2","="
"2","="
"2","="
"2","="
"2","="
"2","="
"2","="
"2","="
"2","="
"2","="
"2","="
"2","="
"2","="
"2","="
"2","="
"2","="
"2","
"
"2","downloaded 476 KB

"
"2","trying URL 'http://rspm/default/__linux__/focal/latest/src/contrib/stringr_1.5.1.tar.gz'
"
"2","Content type 'application/x-gzip'"
"2"," length 305315 bytes (298 KB)
"
"2","="
"2","="
"2","="
"2","="
"2","="
"2","="
"2","="
"2","="
"2","="
"2","="
"2","="
"2","="
"2","="
"2","="
"2","="
"2","="
"2","="
"2","="
"2","="
"2","="
"2","="
"2","="
"2","="
"2","="
"2","="
"2","="
"2","="
"2","="
"2","="
"2","="
"2","="
"2","="
"2","="
"2","="
"2","="
"2","="
"2","="
"2","="
"2","="
"2","="
"2","="
"2","="
"2","="
"2","="
"2","="
"2","="
"2","="
"2","="
"2","="
"2","="
"2","
"
"2","downloaded 298 KB

"
"2","trying URL 'http://rspm/default/__linux__/focal/latest/src/contrib/cpp11_0.4.7.tar.gz'
"
"2","Content type 'application/x-gzip'"
"2"," length 280263 bytes (273 KB)
"
"2","="
"2","="
"2","="
"2","="
"2","="
"2","="
"2","="
"2","="
"2","="
"2","="
"2","="
"2","="
"2","="
"2","="
"2","="
"2","="
"2","="
"2","="
"2","="
"2","="
"2","="
"2","="
"2","="
"2","="
"2","="
"2","="
"2","="
"2","="
"2","="
"2","="
"2","="
"2","="
"2","="
"2","="
"2","="
"2","="
"2","="
"2","="
"2","="
"2","="
"2","="
"2","="
"2","="
"2","="
"2","="
"2","="
"2","="
"2","="
"2","="
"2","="
"2","
"
"2","downloaded 273 KB

"
"2","trying URL 'http://rspm/default/__linux__/focal/latest/src/contrib/broom.helpers_1.14.0.tar.gz'
"
"2","Content type 'application/x-gzip'"
"2"," length 528659 bytes (516 KB)
"
"2","="
"2","="
"2","="
"2","="
"2","="
"2","="
"2","="
"2","="
"2","="
"2","="
"2","="
"2","="
"2","="
"2","="
"2","="
"2","="
"2","="
"2","="
"2","="
"2","="
"2","="
"2","="
"2","="
"2","="
"2","="
"2","="
"2","="
"2","="
"2","="
"2","="
"2","="
"2","="
"2","="
"2","="
"2","="
"2","="
"2","="
"2","="
"2","="
"2","="
"2","="
"2","="
"2","="
"2","="
"2","="
"2","="
"2","="
"2","="
"2","="
"2","="
"2","
"
"2","downloaded 516 KB

"
"2","trying URL 'http://rspm/default/__linux__/focal/latest/src/contrib/forcats_1.0.0.tar.gz'
"
"2","Content type 'application/x-gzip'"
"2"," length 422073 bytes (412 KB)
"
"2","="
"2","="
"2","="
"2","="
"2","="
"2","="
"2","="
"2","="
"2","="
"2","="
"2","="
"2","="
"2","="
"2","="
"2","="
"2","="
"2","="
"2","="
"2","="
"2","="
"2","="
"2","="
"2","="
"2","="
"2","="
"2","="
"2","="
"2","="
"2","="
"2","="
"2","="
"2","="
"2","="
"2","="
"2","="
"2","="
"2","="
"2","="
"2","="
"2","="
"2","="
"2","="
"2","="
"2","="
"2","="
"2","="
"2","="
"2","="
"2","="
"2","="
"2","
"
"2","downloaded 412 KB

"
"2","trying URL 'http://rspm/default/__linux__/focal/latest/src/contrib/patchwork_1.2.0.tar.gz'
"
"2","Content type 'application/x-gzip'"
"2"," length 3294945 bytes (3.1 MB)
"
"2","="
"2","="
"2","="
"2","="
"2","="
"2","="
"2","="
"2","="
"2","="
"2","="
"2","="
"2","="
"2","="
"2","="
"2","="
"2","="
"2","="
"2","="
"2","="
"2","="
"2","="
"2","="
"2","="
"2","="
"2","="
"2","="
"2","="
"2","="
"2","="
"2","="
"2","="
"2","="
"2","="
"2","="
"2","="
"2","="
"2","="
"2","="
"2","="
"2","="
"2","="
"2","="
"2","="
"2","="
"2","="
"2","="
"2","="
"2","="
"2","="
"2","="
"2","
"
"2","downloaded 3.1 MB

"
"2","trying URL 'http://rspm/default/__linux__/focal/latest/src/contrib/Rcpp_1.0.12.tar.gz'
"
"2","Content type 'application/x-gzip'"
"2"," length 2164037 bytes (2.1 MB)
"
"2","="
"2","="
"2","="
"2","="
"2","="
"2","="
"2","="
"2","="
"2","="
"2","="
"2","="
"2","="
"2","="
"2","="
"2","="
"2","="
"2","="
"2","="
"2","="
"2","="
"2","="
"2","="
"2","="
"2","="
"2","="
"2","="
"2","="
"2","="
"2","="
"2","="
"2","="
"2","="
"2","="
"2","="
"2","="
"2","="
"2","="
"2","="
"2","="
"2","="
"2","="
"2","="
"2","="
"2","="
"2","="
"2","="
"2","="
"2","="
"2","="
"2","="
"2","
"
"2","downloaded 2.1 MB

"
"2","trying URL 'http://rspm/default/__linux__/focal/latest/src/contrib/crayon_1.5.2.tar.gz'
"
"2","Content type 'application/x-gzip'"
"2"," length 159631 bytes (155 KB)
"
"2","="
"2","="
"2","="
"2","="
"2","="
"2","="
"2","="
"2","="
"2","="
"2","="
"2","="
"2","="
"2","="
"2","="
"2","="
"2","="
"2","="
"2","="
"2","="
"2","="
"2","="
"2","="
"2","="
"2","="
"2","="
"2","="
"2","="
"2","="
"2","="
"2","="
"2","="
"2","="
"2","="
"2","="
"2","="
"2","="
"2","="
"2","="
"2","="
"2","="
"2","="
"2","="
"2","="
"2","="
"2","="
"2","="
"2","="
"2","="
"2","="
"2","="
"2","
"
"2","downloaded 155 KB

"
"2","trying URL 'http://rspm/default/__linux__/focal/latest/src/contrib/hms_1.1.3.tar.gz'
"
"2","Content type 'application/x-gzip'"
"2"," length 98422 bytes (96 KB)
"
"2","="
"2","="
"2","="
"2","="
"2","="
"2","="
"2","="
"2","="
"2","="
"2","="
"2","="
"2","="
"2","="
"2","="
"2","="
"2","="
"2","="
"2","="
"2","="
"2","="
"2","="
"2","="
"2","="
"2","="
"2","="
"2","="
"2","="
"2","="
"2","="
"2","="
"2","="
"2","="
"2","="
"2","="
"2","="
"2","="
"2","="
"2","="
"2","="
"2","="
"2","="
"2","="
"2","="
"2","="
"2","="
"2","="
"2","="
"2","="
"2","="
"2","="
"2","
"
"2","downloaded 96 KB

"
"2","trying URL 'http://rspm/default/__linux__/focal/latest/src/contrib/prettyunits_1.2.0.tar.gz'
"
"2","Content type 'application/x-gzip'"
"2"," length 154935 bytes (151 KB)
"
"2","="
"2","="
"2","="
"2","="
"2","="
"2","="
"2","="
"2","="
"2","="
"2","="
"2","="
"2","="
"2","="
"2","="
"2","="
"2","="
"2","="
"2","="
"2","="
"2","="
"2","="
"2","="
"2","="
"2","="
"2","="
"2","="
"2","="
"2","="
"2","="
"2","="
"2","="
"2","="
"2","="
"2","="
"2","="
"2","="
"2","="
"2","="
"2","="
"2","="
"2","="
"2","="
"2","="
"2","="
"2","="
"2","="
"2","="
"2","="
"2","="
"2","="
"2","
"
"2","downloaded 151 KB

"
"2","trying URL 'http://rspm/default/__linux__/focal/latest/src/contrib/farver_2.1.1.tar.gz'
"
"2","Content type 'application/x-gzip'"
"2"," length 1477759 bytes (1.4 MB)
"
"2","="
"2","="
"2","="
"2","="
"2","="
"2","="
"2","="
"2","="
"2","="
"2","="
"2","="
"2","="
"2","="
"2","="
"2","="
"2","="
"2","="
"2","="
"2","="
"2","="
"2","="
"2","="
"2","="
"2","="
"2","="
"2","="
"2","="
"2","="
"2","="
"2","="
"2","="
"2","="
"2","="
"2","="
"2","="
"2","="
"2","="
"2","="
"2","="
"2","="
"2","="
"2","="
"2","="
"2","="
"2","="
"2","="
"2","="
"2","="
"2","="
"2","="
"2","
"
"2","downloaded 1.4 MB

"
"2","trying URL 'http://rspm/default/__linux__/focal/latest/src/contrib/labeling_0.4.3.tar.gz'
"
"2","Content type 'application/x-gzip'"
"2"," length 59961 bytes (58 KB)
"
"2","="
"2","="
"2","="
"2","="
"2","="
"2","="
"2","="
"2","="
"2","="
"2","="
"2","="
"2","="
"2","="
"2","="
"2","="
"2","="
"2","="
"2","="
"2","="
"2","="
"2","="
"2","="
"2","="
"2","="
"2","="
"2","="
"2","="
"2","="
"2","="
"2","="
"2","="
"2","="
"2","="
"2","="
"2","="
"2","="
"2","="
"2","="
"2","="
"2","="
"2","="
"2","="
"2","="
"2","="
"2","="
"2","="
"2","="
"2","="
"2","="
"2","="
"2","
"
"2","downloaded 58 KB

"
"2","trying URL 'http://rspm/default/__linux__/focal/latest/src/contrib/munsell_0.5.0.tar.gz'
"
"2","Content type 'application/x-gzip'"
"2"," length 243284 bytes (237 KB)
"
"2","="
"2","="
"2","="
"2","="
"2","="
"2","="
"2","="
"2","="
"2","="
"2","="
"2","="
"2","="
"2","="
"2","="
"2","="
"2","="
"2","="
"2","="
"2","="
"2","="
"2","="
"2","="
"2","="
"2","="
"2","="
"2","="
"2","="
"2","="
"2","="
"2","="
"2","="
"2","="
"2","="
"2","="
"2","="
"2","="
"2","="
"2","="
"2","="
"2","="
"2","="
"2","="
"2","="
"2","="
"2","="
"2","="
"2","="
"2","="
"2","="
"2","="
"2","
"
"2","downloaded 237 KB

"
"2","trying URL 'http://rspm/default/__linux__/focal/latest/src/contrib/viridisLite_0.4.2.tar.gz'
"
"2","Content type 'application/x-gzip'"
"2"," length 1296731 bytes (1.2 MB)
"
"2","="
"2","="
"2","="
"2","="
"2","="
"2","="
"2","="
"2","="
"2","="
"2","="
"2","="
"2","="
"2","="
"2","="
"2","="
"2","="
"2","="
"2","="
"2","="
"2","="
"2","="
"2","="
"2","="
"2","="
"2","="
"2","="
"2","="
"2","="
"2","="
"2","="
"2","="
"2","="
"2","="
"2","="
"2","="
"2","="
"2","="
"2","="
"2","="
"2","="
"2","="
"2","="
"2","="
"2","="
"2","="
"2","="
"2","="
"2","="
"2","="
"2","="
"2","
"
"2","downloaded 1.2 MB

"
"2","trying URL 'http://rspm/default/__linux__/focal/latest/src/contrib/ggplot2_3.5.0.tar.gz'
"
"2","Content type 'application/x-gzip'"
"2"," length 4809806 bytes (4.6 MB)
"
"2","="
"2","="
"2","="
"2","="
"2","="
"2","="
"2","="
"2","="
"2","="
"2","="
"2","="
"2","="
"2","="
"2","="
"2","="
"2","="
"2","="
"2","="
"2","="
"2","="
"2","="
"2","="
"2","="
"2","="
"2","="
"2","="
"2","="
"2","="
"2","="
"2","="
"2","="
"2","="
"2","="
"2","="
"2","="
"2","="
"2","="
"2","="
"2","="
"2","="
"2","="
"2","="
"2","="
"2","="
"2","="
"2","="
"2","="
"2","="
"2","="
"2","="
"2","
"
"2","downloaded 4.6 MB

"
"2","trying URL 'http://rspm/default/__linux__/focal/latest/src/contrib/tidyr_1.3.1.tar.gz'
"
"2","Content type 'application/x-gzip'"
"2"," length 1181767 bytes (1.1 MB)
"
"2","="
"2","="
"2","="
"2","="
"2","="
"2","="
"2","="
"2","="
"2","="
"2","="
"2","="
"2","="
"2","="
"2","="
"2","="
"2","="
"2","="
"2","="
"2","="
"2","="
"2","="
"2","="
"2","="
"2","="
"2","="
"2","="
"2","="
"2","="
"2","="
"2","="
"2","="
"2","="
"2","="
"2","="
"2","="
"2","="
"2","="
"2","="
"2","="
"2","="
"2","="
"2","="
"2","="
"2","="
"2","="
"2","="
"2","="
"2","="
"2","="
"2","="
"2","
"
"2","downloaded 1.1 MB

"
"2","trying URL 'http://rspm/default/__linux__/focal/latest/src/contrib/ggstats_0.5.1.tar.gz'
"
"2","Content type 'application/x-gzip'"
"2"," length 855079 bytes (835 KB)
"
"2","="
"2","="
"2","="
"2","="
"2","="
"2","="
"2","="
"2","="
"2","="
"2","="
"2","="
"2","="
"2","="
"2","="
"2","="
"2","="
"2","="
"2","="
"2","="
"2","="
"2","="
"2","="
"2","="
"2","="
"2","="
"2","="
"2","="
"2","="
"2","="
"2","="
"2","="
"2","="
"2","="
"2","="
"2","="
"2","="
"2","="
"2","="
"2","="
"2","="
"2","="
"2","="
"2","="
"2","="
"2","="
"2","="
"2","="
"2","="
"2","="
"2","="
"2","
"
"2","downloaded 835 KB

"
"2","trying URL 'http://rspm/default/__linux__/focal/latest/src/contrib/gtable_0.3.4.tar.gz'
"
"2","Content type 'application/x-gzip'"
"2"," length 215888 bytes (210 KB)
"
"2","="
"2","="
"2","="
"2","="
"2","="
"2","="
"2","="
"2","="
"2","="
"2","="
"2","="
"2","="
"2","="
"2","="
"2","="
"2","="
"2","="
"2","="
"2","="
"2","="
"2","="
"2","="
"2","="
"2","="
"2","="
"2","="
"2","="
"2","="
"2","="
"2","="
"2","="
"2","="
"2","="
"2","="
"2","="
"2","="
"2","="
"2","="
"2","="
"2","="
"2","="
"2","="
"2","="
"2","="
"2","="
"2","="
"2","="
"2","="
"2","="
"2","="
"2","
"
"2","downloaded 210 KB

"
"2","trying URL 'http://rspm/default/__linux__/focal/latest/src/contrib/plyr_1.8.9.tar.gz'
"
"2","Content type 'application/x-gzip'"
"2"," length 820183 bytes (800 KB)
"
"2","="
"2","="
"2","="
"2","="
"2","="
"2","="
"2","="
"2","="
"2","="
"2","="
"2","="
"2","="
"2","="
"2","="
"2","="
"2","="
"2","="
"2","="
"2","="
"2","="
"2","="
"2","="
"2","="
"2","="
"2","="
"2","="
"2","="
"2","="
"2","="
"2","="
"2","="
"2","="
"2","="
"2","="
"2","="
"2","="
"2","="
"2","="
"2","="
"2","="
"2","="
"2","="
"2","="
"2","="
"2","="
"2","="
"2","="
"2","="
"2","="
"2","="
"2","
"
"2","downloaded 800 KB

"
"2","trying URL 'http://rspm/default/__linux__/focal/latest/src/contrib/progress_1.2.3.tar.gz'
"
"2","Content type 'application/x-gzip'"
"2"," length 84587 bytes (82 KB)
"
"2","="
"2","="
"2","="
"2","="
"2","="
"2","="
"2","="
"2","="
"2","="
"2","="
"2","="
"2","="
"2","="
"2","="
"2","="
"2","="
"2","="
"2","="
"2","="
"2","="
"2","="
"2","="
"2","="
"2","="
"2","="
"2","="
"2","="
"2","="
"2","="
"2","="
"2","="
"2","="
"2","="
"2","="
"2","="
"2","="
"2","="
"2","="
"2","="
"2","="
"2","="
"2","="
"2","="
"2","="
"2","="
"2","="
"2","="
"2","="
"2","="
"2","="
"2","
"
"2","downloaded 82 KB

"
"2","trying URL 'http://rspm/default/__linux__/focal/latest/src/contrib/RColorBrewer_1.1-3.tar.gz'
"
"2","Content type 'application/x-gzip'"
"2"," length 53115 bytes (51 KB)
"
"2","="
"2","="
"2","="
"2","="
"2","="
"2","="
"2","="
"2","="
"2","="
"2","="
"2","="
"2","="
"2","="
"2","="
"2","="
"2","="
"2","="
"2","="
"2","="
"2","="
"2","="
"2","="
"2","="
"2","="
"2","="
"2","="
"2","="
"2","="
"2","="
"2","="
"2","="
"2","="
"2","="
"2","="
"2","="
"2","="
"2","="
"2","="
"2","="
"2","="
"2","="
"2","="
"2","="
"2","="
"2","="
"2","="
"2","="
"2","="
"2","="
"2","="
"2","
"
"2","downloaded 51 KB

"
"2","trying URL 'http://rspm/default/__linux__/focal/latest/src/contrib/scales_1.3.0.tar.gz'
"
"2","Content type 'application/x-gzip'"
"2"," length 697062 bytes (680 KB)
"
"2","="
"2","="
"2","="
"2","="
"2","="
"2","="
"2","="
"2","="
"2","="
"2","="
"2","="
"2","="
"2","="
"2","="
"2","="
"2","="
"2","="
"2","="
"2","="
"2","="
"2","="
"2","="
"2","="
"2","="
"2","="
"2","="
"2","="
"2","="
"2","="
"2","="
"2","="
"2","="
"2","="
"2","="
"2","="
"2","="
"2","="
"2","="
"2","="
"2","="
"2","="
"2","="
"2","="
"2","="
"2","="
"2","="
"2","="
"2","="
"2","="
"2","="
"2","
"
"2","downloaded 680 KB

"
"2","trying URL 'http://rspm/default/__linux__/focal/latest/src/contrib/GGally_2.2.1.tar.gz'
"
"2","Content type 'application/x-gzip'"
"2"," length 1985679 bytes (1.9 MB)
"
"2","="
"2","="
"2","="
"2","="
"2","="
"2","="
"2","="
"2","="
"2","="
"2","="
"2","="
"2","="
"2","="
"2","="
"2","="
"2","="
"2","="
"2","="
"2","="
"2","="
"2","="
"2","="
"2","="
"2","="
"2","="
"2","="
"2","="
"2","="
"2","="
"2","="
"2","="
"2","="
"2","="
"2","="
"2","="
"2","="
"2","="
"2","="
"2","="
"2","="
"2","="
"2","="
"2","="
"2","="
"2","="
"2","="
"2","="
"2","="
"2","="
"2","="
"2","
"
"2","downloaded 1.9 MB

"
"2","* installing *binary* package ‘bit’ ...
"
"2","* DONE (bit)
"
"2","* installing *binary* package ‘clipr’ ...
"
"2","* DONE (clipr)
"
"2","* installing *binary* package ‘backports’ ...
"
"2","* DONE (backports)
"
"2","* installing *binary* package ‘stringi’ ...
"
"2","* DONE (stringi)
"
"2","* installing *binary* package ‘colorspace’ ...
"
"2","* DONE (colorspace)
"
"2","* installing *binary* package ‘isoband’ ...
"
"2","* DONE (isoband)
"
"2","* installing *binary* package ‘purrr’ ...
"
"2","* DONE (purrr)
"
"2","* installing *binary* package ‘cpp11’ ...
"
"2","* DONE (cpp11)
"
"2","* installing *binary* package ‘forcats’ ...
"
"2","* DONE (forcats)
"
"2","* installing *binary* package ‘Rcpp’ ...
"
"2","* DONE (Rcpp)
"
"2","* installing *binary* package ‘crayon’ ...
"
"2","* DONE (crayon)
"
"2","* installing *binary* package ‘hms’ ...
"
"2","* DONE (hms)
"
"2","* installing *binary* package ‘prettyunits’ ...
"
"2","* DONE (prettyunits)
"
"2","* installing *binary* package ‘farver’ ...
"
"2","* DONE (farver)
"
"2","* installing *binary* package ‘labeling’ ...
"
"2","* DONE (labeling)
"
"2","* installing *binary* package ‘viridisLite’ ...
"
"2","* DONE (viridisLite)
"
"2","* installing *binary* package ‘gtable’ ...
"
"2","* DONE (gtable)
"
"2","* installing *binary* package ‘RColorBrewer’ ...
"
"2","* DONE (RColorBrewer)
"
"2","* installing *binary* package ‘bit64’ ...
"
"2","* DONE (bit64)
"
"2","* installing *binary* package ‘tzdb’ ...
"
"2","* DONE (tzdb)
"
"2","* installing *binary* package ‘stringr’ ...
"
"2","* DONE (stringr)
"
"2","* installing *binary* package ‘munsell’ ...
"
"2","* DONE (munsell)
"
"2","* installing *binary* package ‘plyr’ ...
"
"2","* DONE (plyr)
"
"2","* installing *binary* package ‘progress’ ...
"
"2","* DONE (progress)
"
"2","* installing *binary* package ‘vroom’ ...
"
"2","* DONE (vroom)
"
"2","* installing *binary* package ‘tidyr’ ...
"
"2","* DONE (tidyr)
"
"2","* installing *binary* package ‘scales’ ...
"
"2","* DONE (scales)
"
"2","* installing *binary* package ‘readr’ ...
"
"2","* DONE (readr)
"
"2","* installing *binary* package ‘broom’ ...
"
"2","* DONE (broom)
"
"2","* installing *binary* package ‘ggplot2’ ...
"
"2","* DONE (ggplot2)
"
"2","* installing *binary* package ‘haven’ ...
"
"2","* DONE (haven)
"
"2","* installing *binary* package ‘patchwork’ ...
"
"2","* DONE (patchwork)
"
"2","* installing *binary* package ‘labelled’ ...
"
"2","* DONE (labelled)
"
"2","* installing *binary* package ‘broom.helpers’ ...
"
"2","* DONE (broom.helpers)
"
"2","* installing *binary* package ‘ggstats’ ...
"
"2","* DONE (ggstats)
"
"2","* installing *binary* package ‘GGally’ ...
"
"2","* DONE (GGally)
"
"2","
"
"2",""
"2","The downloaded source packages are in
	‘/tmp/RtmpK9TADS/downloaded_packages’"
"2",""
"2","
"
"2","
GGally installed
"
"2","Installing package into ‘/cloud/lib/x86_64-pc-linux-gnu-library/4.3’
(as ‘lib’ is unspecified)
"
"2","trying URL 'http://rspm/default/__linux__/focal/latest/src/contrib/ggthemes_5.1.0.tar.gz'
"
"2","Content type 'application/x-gzip'"
"2"," length 435745 bytes (425 KB)
"
"2","="
"2","="
"2","="
"2","="
"2","="
"2","="
"2","="
"2","="
"2","="
"2","="
"2","="
"2","="
"2","="
"2","="
"2","="
"2","="
"2","="
"2","="
"2","="
"2","="
"2","="
"2","="
"2","="
"2","="
"2","="
"2","="
"2","="
"2","="
"2","="
"2","="
"2","="
"2","="
"2","="
"2","="
"2","="
"2","="
"2","="
"2","="
"2","="
"2","="
"2","="
"2","="
"2","="
"2","="
"2","="
"2","="
"2","="
"2","="
"2","="
"2","="
"2","
"
"2","downloaded 425 KB

"
"2","* installing *binary* package ‘ggthemes’ ...
"
"2","* DONE (ggthemes)
"
"2","
"
"2",""
"2","The downloaded source packages are in
	‘/tmp/RtmpK9TADS/downloaded_packages’"
"2",""
"2","
"
"2","
ggthemes installed
"
"2","Installing package into ‘/cloud/lib/x86_64-pc-linux-gnu-library/4.3’
(as ‘lib’ is unspecified)
"
"2","Warning: package ‘ggris’ is not available for this version of R

A version of this package for your version of R might be available elsewhere,
see the ideas at
https://cran.r-project.org/doc/manuals/r-patched/R-admin.html#Installing-packages"
"2","Warning: 'BiocManager' not available.  Could not check Bioconductor.

Please use `install.packages('BiocManager')` and then retry."
"2","Warning: "
"2","Warning: there is no package called ‘ggris’"
"2","Installing package into ‘/cloud/lib/x86_64-pc-linux-gnu-library/4.3’
(as ‘lib’ is unspecified)
"
"2","also installing the dependency ‘timechange’

"
"2","trying URL 'http://rspm/default/__linux__/focal/latest/src/contrib/timechange_0.3.0.tar.gz'
"
"2","Content type 'application/x-gzip'"
"2"," length 200190 bytes (195 KB)
"
"2","="
"2","="
"2","="
"2","="
"2","="
"2","="
"2","="
"2","="
"2","="
"2","="
"2","="
"2","="
"2","="
"2","="
"2","="
"2","="
"2","="
"2","="
"2","="
"2","="
"2","="
"2","="
"2","="
"2","="
"2","="
"2","="
"2","="
"2","="
"2","="
"2","="
"2","="
"2","="
"2","="
"2","="
"2","="
"2","="
"2","="
"2","="
"2","="
"2","="
"2","="
"2","="
"2","="
"2","="
"2","="
"2","="
"2","="
"2","="
"2","="
"2","="
"2","
"
"2","downloaded 195 KB

"
"2","trying URL 'http://rspm/default/__linux__/focal/latest/src/contrib/lubridate_1.9.3.tar.gz'
"
"2","Content type 'application/x-gzip'"
"2"," length 979787 bytes (956 KB)
"
"2","="
"2","="
"2","="
"2","="
"2","="
"2","="
"2","="
"2","="
"2","="
"2","="
"2","="
"2","="
"2","="
"2","="
"2","="
"2","="
"2","="
"2","="
"2","="
"2","="
"2","="
"2","="
"2","="
"2","="
"2","="
"2","="
"2","="
"2","="
"2","="
"2","="
"2","="
"2","="
"2","="
"2","="
"2","="
"2","="
"2","="
"2","="
"2","="
"2","="
"2","="
"2","="
"2","="
"2","="
"2","="
"2","="
"2","="
"2","="
"2","="
"2","="
"2","
"
"2","downloaded 956 KB

"
"2","* installing *binary* package ‘timechange’ ...
"
"2","* DONE (timechange)
"
"2","* installing *binary* package ‘lubridate’ ...
"
"2","* DONE (lubridate)
"
"2","
"
"2",""
"2","The downloaded source packages are in
	‘/tmp/RtmpK9TADS/downloaded_packages’"
"2",""
"2","
"
"2","
lubridate installed
"
"2","Installing package into ‘/cloud/lib/x86_64-pc-linux-gnu-library/4.3’
(as ‘lib’ is unspecified)
"
"2","also installing the dependencies ‘sys’, ‘askpass’, ‘curl’, ‘openssl’, ‘later’, ‘httr’, ‘htmlwidgets’, ‘lazyeval’, ‘crosstalk’, ‘data.table’, ‘promises’

"
"2","trying URL 'http://rspm/default/__linux__/focal/latest/src/contrib/sys_3.4.2.tar.gz'
"
"2","Content type 'application/x-gzip'"
"2"," length 40171 bytes (39 KB)
"
"2","="
"2","="
"2","="
"2","="
"2","="
"2","="
"2","="
"2","="
"2","="
"2","="
"2","="
"2","="
"2","="
"2","="
"2","="
"2","="
"2","="
"2","="
"2","="
"2","="
"2","="
"2","="
"2","="
"2","="
"2","="
"2","="
"2","="
"2","="
"2","="
"2","="
"2","="
"2","="
"2","="
"2","="
"2","="
"2","="
"2","="
"2","="
"2","="
"2","="
"2","="
"2","="
"2","="
"2","="
"2","="
"2","="
"2","="
"2","="
"2","="
"2","="
"2","
"
"2","downloaded 39 KB

"
"2","trying URL 'http://rspm/default/__linux__/focal/latest/src/contrib/askpass_1.2.0.tar.gz'
"
"2","Content type 'application/x-gzip'"
"2"," length 21512 bytes (21 KB)
"
"2","="
"2","="
"2","="
"2","="
"2","="
"2","="
"2","="
"2","="
"2","="
"2","="
"2","="
"2","="
"2","="
"2","="
"2","="
"2","="
"2","="
"2","="
"2","="
"2","="
"2","="
"2","="
"2","="
"2","="
"2","="
"2","="
"2","="
"2","="
"2","="
"2","="
"2","="
"2","="
"2","="
"2","="
"2","="
"2","="
"2","="
"2","="
"2","="
"2","="
"2","="
"2","="
"2","="
"2","="
"2","="
"2","="
"2","="
"2","="
"2","="
"2","="
"2","
"
"2","downloaded 21 KB

"
"2","trying URL 'http://rspm/default/__linux__/focal/latest/src/contrib/curl_5.2.1.tar.gz'
"
"2","Content type 'application/x-gzip'"
"2"," length 765271 bytes (747 KB)
"
"2","="
"2","="
"2","="
"2","="
"2","="
"2","="
"2","="
"2","="
"2","="
"2","="
"2","="
"2","="
"2","="
"2","="
"2","="
"2","="
"2","="
"2","="
"2","="
"2","="
"2","="
"2","="
"2","="
"2","="
"2","="
"2","="
"2","="
"2","="
"2","="
"2","="
"2","="
"2","="
"2","="
"2","="
"2","="
"2","="
"2","="
"2","="
"2","="
"2","="
"2","="
"2","="
"2","="
"2","="
"2","="
"2","="
"2","="
"2","="
"2","="
"2","="
"2","
"
"2","downloaded 747 KB

"
"2","trying URL 'http://rspm/default/__linux__/focal/latest/src/contrib/openssl_2.1.1.tar.gz'
"
"2","Content type 'application/x-gzip'"
"2"," length 1306223 bytes (1.2 MB)
"
"2","="
"2","="
"2","="
"2","="
"2","="
"2","="
"2","="
"2","="
"2","="
"2","="
"2","="
"2","="
"2","="
"2","="
"2","="
"2","="
"2","="
"2","="
"2","="
"2","="
"2","="
"2","="
"2","="
"2","="
"2","="
"2","="
"2","="
"2","="
"2","="
"2","="
"2","="
"2","="
"2","="
"2","="
"2","="
"2","="
"2","="
"2","="
"2","="
"2","="
"2","="
"2","="
"2","="
"2","="
"2","="
"2","="
"2","="
"2","="
"2","="
"2","="
"2","
"
"2","downloaded 1.2 MB

"
"2","trying URL 'http://rspm/default/__linux__/focal/latest/src/contrib/later_1.3.2.tar.gz'
"
"2","Content type 'application/x-gzip'"
"2"," length 134549 bytes (131 KB)
"
"2","="
"2","="
"2","="
"2","="
"2","="
"2","="
"2","="
"2","="
"2","="
"2","="
"2","="
"2","="
"2","="
"2","="
"2","="
"2","="
"2","="
"2","="
"2","="
"2","="
"2","="
"2","="
"2","="
"2","="
"2","="
"2","="
"2","="
"2","="
"2","="
"2","="
"2","="
"2","="
"2","="
"2","="
"2","="
"2","="
"2","="
"2","="
"2","="
"2","="
"2","="
"2","="
"2","="
"2","="
"2","="
"2","="
"2","="
"2","="
"2","="
"2","="
"2","
"
"2","downloaded 131 KB

"
"2","trying URL 'http://rspm/default/__linux__/focal/latest/src/contrib/httr_1.4.7.tar.gz'
"
"2","Content type 'application/x-gzip'"
"2"," length 468157 bytes (457 KB)
"
"2","="
"2","="
"2","="
"2","="
"2","="
"2","="
"2","="
"2","="
"2","="
"2","="
"2","="
"2","="
"2","="
"2","="
"2","="
"2","="
"2","="
"2","="
"2","="
"2","="
"2","="
"2","="
"2","="
"2","="
"2","="
"2","="
"2","="
"2","="
"2","="
"2","="
"2","="
"2","="
"2","="
"2","="
"2","="
"2","="
"2","="
"2","="
"2","="
"2","="
"2","="
"2","="
"2","="
"2","="
"2","="
"2","="
"2","="
"2","="
"2","="
"2","="
"2","
"
"2","downloaded 457 KB

"
"2","trying URL 'http://rspm/default/__linux__/focal/latest/src/contrib/htmlwidgets_1.6.4.tar.gz'
"
"2","Content type 'application/x-gzip'"
"2"," length 813400 bytes (794 KB)
"
"2","="
"2","="
"2","="
"2","="
"2","="
"2","="
"2","="
"2","="
"2","="
"2","="
"2","="
"2","="
"2","="
"2","="
"2","="
"2","="
"2","="
"2","="
"2","="
"2","="
"2","="
"2","="
"2","="
"2","="
"2","="
"2","="
"2","="
"2","="
"2","="
"2","="
"2","="
"2","="
"2","="
"2","="
"2","="
"2","="
"2","="
"2","="
"2","="
"2","="
"2","="
"2","="
"2","="
"2","="
"2","="
"2","="
"2","="
"2","="
"2","="
"2","="
"2","
"
"2","downloaded 794 KB

"
"2","trying URL 'http://rspm/default/__linux__/focal/latest/src/contrib/lazyeval_0.2.2.tar.gz'
"
"2","Content type 'application/x-gzip'"
"2"," length 155157 bytes (151 KB)
"
"2","="
"2","="
"2","="
"2","="
"2","="
"2","="
"2","="
"2","="
"2","="
"2","="
"2","="
"2","="
"2","="
"2","="
"2","="
"2","="
"2","="
"2","="
"2","="
"2","="
"2","="
"2","="
"2","="
"2","="
"2","="
"2","="
"2","="
"2","="
"2","="
"2","="
"2","="
"2","="
"2","="
"2","="
"2","="
"2","="
"2","="
"2","="
"2","="
"2","="
"2","="
"2","="
"2","="
"2","="
"2","="
"2","="
"2","="
"2","="
"2","="
"2","="
"2","
"
"2","downloaded 151 KB

"
"2","trying URL 'http://rspm/default/__linux__/focal/latest/src/contrib/crosstalk_1.2.1.tar.gz'
"
"2","Content type 'application/x-gzip'"
"2"," length 406745 bytes (397 KB)
"
"2","="
"2","="
"2","="
"2","="
"2","="
"2","="
"2","="
"2","="
"2","="
"2","="
"2","="
"2","="
"2","="
"2","="
"2","="
"2","="
"2","="
"2","="
"2","="
"2","="
"2","="
"2","="
"2","="
"2","="
"2","="
"2","="
"2","="
"2","="
"2","="
"2","="
"2","="
"2","="
"2","="
"2","="
"2","="
"2","="
"2","="
"2","="
"2","="
"2","="
"2","="
"2","="
"2","="
"2","="
"2","="
"2","="
"2","="
"2","="
"2","="
"2","="
"2","
"
"2","downloaded 397 KB

"
"2","trying URL 'http://rspm/default/__linux__/focal/latest/src/contrib/data.table_1.15.2.tar.gz'
"
"2","Content type 'application/x-gzip'"
"2"," length 2194605 bytes (2.1 MB)
"
"2","="
"2","="
"2","="
"2","="
"2","="
"2","="
"2","="
"2","="
"2","="
"2","="
"2","="
"2","="
"2","="
"2","="
"2","="
"2","="
"2","="
"2","="
"2","="
"2","="
"2","="
"2","="
"2","="
"2","="
"2","="
"2","="
"2","="
"2","="
"2","="
"2","="
"2","="
"2","="
"2","="
"2","="
"2","="
"2","="
"2","="
"2","="
"2","="
"2","="
"2","="
"2","="
"2","="
"2","="
"2","="
"2","="
"2","="
"2","="
"2","="
"2","="
"2","
"
"2","downloaded 2.1 MB

"
"2","trying URL 'http://rspm/default/__linux__/focal/latest/src/contrib/promises_1.2.1.tar.gz'
"
"2","Content type 'application/x-gzip'"
"2"," length 1649179 bytes (1.6 MB)
"
"2","="
"2","="
"2","="
"2","="
"2","="
"2","="
"2","="
"2","="
"2","="
"2","="
"2","="
"2","="
"2","="
"2","="
"2","="
"2","="
"2","="
"2","="
"2","="
"2","="
"2","="
"2","="
"2","="
"2","="
"2","="
"2","="
"2","="
"2","="
"2","="
"2","="
"2","="
"2","="
"2","="
"2","="
"2","="
"2","="
"2","="
"2","="
"2","="
"2","="
"2","="
"2","="
"2","="
"2","="
"2","="
"2","="
"2","="
"2","="
"2","="
"2","="
"2","
"
"2","downloaded 1.6 MB

"
"2","trying URL 'http://rspm/default/__linux__/focal/latest/src/contrib/plotly_4.10.4.tar.gz'
"
"2","Content type 'application/x-gzip'"
"2"," length 3196515 bytes (3.0 MB)
"
"2","="
"2","="
"2","="
"2","="
"2","="
"2","="
"2","="
"2","="
"2","="
"2","="
"2","="
"2","="
"2","="
"2","="
"2","="
"2","="
"2","="
"2","="
"2","="
"2","="
"2","="
"2","="
"2","="
"2","="
"2","="
"2","="
"2","="
"2","="
"2","="
"2","="
"2","="
"2","="
"2","="
"2","="
"2","="
"2","="
"2","="
"2","="
"2","="
"2","="
"2","="
"2","="
"2","="
"2","="
"2","="
"2","="
"2","="
"2","="
"2","="
"2","="
"2","
"
"2","downloaded 3.0 MB

"
"2","* installing *binary* package ‘sys’ ...
"
"2","* DONE (sys)
"
"2","* installing *binary* package ‘curl’ ...
"
"2","* DONE (curl)
"
"2","* installing *binary* package ‘later’ ...
"
"2","* DONE (later)
"
"2","* installing *binary* package ‘htmlwidgets’ ...
"
"2","* DONE (htmlwidgets)
"
"2","* installing *binary* package ‘lazyeval’ ...
"
"2","* DONE (lazyeval)
"
"2","* installing *binary* package ‘data.table’ ...
"
"2","* DONE (data.table)
"
"2","* installing *binary* package ‘askpass’ ...
"
"2","* DONE (askpass)
"
"2","* installing *binary* package ‘crosstalk’ ...
"
"2","* DONE (crosstalk)
"
"2","* installing *binary* package ‘promises’ ...
"
"2","* DONE (promises)
"
"2","* installing *binary* package ‘openssl’ ...
"
"2","* DONE (openssl)
"
"2","* installing *binary* package ‘httr’ ...
"
"2","* DONE (httr)
"
"2","* installing *binary* package ‘plotly’ ...
"
"2","* DONE (plotly)
"
"2","
"
"2",""
"2","The downloaded source packages are in
	‘/tmp/RtmpK9TADS/downloaded_packages’"
"2",""
"2","
"
"2","
plotly installed
"
"2","Installing package into ‘/cloud/lib/x86_64-pc-linux-gnu-library/4.3’
(as ‘lib’ is unspecified)
"
"2","also installing the dependencies ‘rematch’, ‘cellranger’, ‘R.oo’, ‘R.methodsS3’, ‘readxl’, ‘writexl’, ‘R.utils’

"
"2","trying URL 'http://rspm/default/__linux__/focal/latest/src/contrib/rematch_2.0.0.tar.gz'
"
"2","Content type 'application/x-gzip'"
"2"," length 15945 bytes (15 KB)
"
"2","="
"2","="
"2","="
"2","="
"2","="
"2","="
"2","="
"2","="
"2","="
"2","="
"2","="
"2","="
"2","="
"2","="
"2","="
"2","="
"2","="
"2","="
"2","="
"2","="
"2","="
"2","="
"2","="
"2","="
"2","="
"2","="
"2","="
"2","="
"2","="
"2","="
"2","="
"2","="
"2","="
"2","="
"2","="
"2","="
"2","="
"2","="
"2","="
"2","="
"2","="
"2","="
"2","="
"2","="
"2","="
"2","="
"2","="
"2","="
"2","="
"2","="
"2","
"
"2","downloaded 15 KB

"
"2","trying URL 'http://rspm/default/__linux__/focal/latest/src/contrib/cellranger_1.1.0.tar.gz'
"
"2","Content type 'application/x-gzip'"
"2"," length 101037 bytes (98 KB)
"
"2","="
"2","="
"2","="
"2","="
"2","="
"2","="
"2","="
"2","="
"2","="
"2","="
"2","="
"2","="
"2","="
"2","="
"2","="
"2","="
"2","="
"2","="
"2","="
"2","="
"2","="
"2","="
"2","="
"2","="
"2","="
"2","="
"2","="
"2","="
"2","="
"2","="
"2","="
"2","="
"2","="
"2","="
"2","="
"2","="
"2","="
"2","="
"2","="
"2","="
"2","="
"2","="
"2","="
"2","="
"2","="
"2","="
"2","="
"2","="
"2","="
"2","="
"2","
"
"2","downloaded 98 KB

"
"2","trying URL 'http://rspm/default/__linux__/focal/latest/src/contrib/R.oo_1.26.0.tar.gz'
"
"2","Content type 'application/x-gzip'"
"2"," length 962829 bytes (940 KB)
"
"2","="
"2","="
"2","="
"2","="
"2","="
"2","="
"2","="
"2","="
"2","="
"2","="
"2","="
"2","="
"2","="
"2","="
"2","="
"2","="
"2","="
"2","="
"2","="
"2","="
"2","="
"2","="
"2","="
"2","="
"2","="
"2","="
"2","="
"2","="
"2","="
"2","="
"2","="
"2","="
"2","="
"2","="
"2","="
"2","="
"2","="
"2","="
"2","="
"2","="
"2","="
"2","="
"2","="
"2","="
"2","="
"2","="
"2","="
"2","="
"2","="
"2","="
"2","
"
"2","downloaded 940 KB

"
"2","trying URL 'http://rspm/default/__linux__/focal/latest/src/contrib/R.methodsS3_1.8.2.tar.gz'
"
"2","Content type 'application/x-gzip'"
"2"," length 80271 bytes (78 KB)
"
"2","="
"2","="
"2","="
"2","="
"2","="
"2","="
"2","="
"2","="
"2","="
"2","="
"2","="
"2","="
"2","="
"2","="
"2","="
"2","="
"2","="
"2","="
"2","="
"2","="
"2","="
"2","="
"2","="
"2","="
"2","="
"2","="
"2","="
"2","="
"2","="
"2","="
"2","="
"2","="
"2","="
"2","="
"2","="
"2","="
"2","="
"2","="
"2","="
"2","="
"2","="
"2","="
"2","="
"2","="
"2","="
"2","="
"2","="
"2","="
"2","="
"2","="
"2","
"
"2","downloaded 78 KB

"
"2","trying URL 'http://rspm/default/__linux__/focal/latest/src/contrib/readxl_1.4.3.tar.gz'
"
"2","Content type 'application/x-gzip'"
"2"," length 871762 bytes (851 KB)
"
"2","="
"2","="
"2","="
"2","="
"2","="
"2","="
"2","="
"2","="
"2","="
"2","="
"2","="
"2","="
"2","="
"2","="
"2","="
"2","="
"2","="
"2","="
"2","="
"2","="
"2","="
"2","="
"2","="
"2","="
"2","="
"2","="
"2","="
"2","="
"2","="
"2","="
"2","="
"2","="
"2","="
"2","="
"2","="
"2","="
"2","="
"2","="
"2","="
"2","="
"2","="
"2","="
"2","="
"2","="
"2","="
"2","="
"2","="
"2","="
"2","="
"2","="
"2","
"
"2","downloaded 851 KB

"
"2","trying URL 'http://rspm/default/__linux__/focal/latest/src/contrib/writexl_1.5.0.tar.gz'
"
"2","Content type 'application/x-gzip'"
"2"," length 168132 bytes (164 KB)
"
"2","="
"2","="
"2","="
"2","="
"2","="
"2","="
"2","="
"2","="
"2","="
"2","="
"2","="
"2","="
"2","="
"2","="
"2","="
"2","="
"2","="
"2","="
"2","="
"2","="
"2","="
"2","="
"2","="
"2","="
"2","="
"2","="
"2","="
"2","="
"2","="
"2","="
"2","="
"2","="
"2","="
"2","="
"2","="
"2","="
"2","="
"2","="
"2","="
"2","="
"2","="
"2","="
"2","="
"2","="
"2","="
"2","="
"2","="
"2","="
"2","="
"2","="
"2","
"
"2","downloaded 164 KB

"
"2","trying URL 'http://rspm/default/__linux__/focal/latest/src/contrib/R.utils_2.12.3.tar.gz'
"
"2","Content type 'application/x-gzip'"
"2"," length 1392246 bytes (1.3 MB)
"
"2","="
"2","="
"2","="
"2","="
"2","="
"2","="
"2","="
"2","="
"2","="
"2","="
"2","="
"2","="
"2","="
"2","="
"2","="
"2","="
"2","="
"2","="
"2","="
"2","="
"2","="
"2","="
"2","="
"2","="
"2","="
"2","="
"2","="
"2","="
"2","="
"2","="
"2","="
"2","="
"2","="
"2","="
"2","="
"2","="
"2","="
"2","="
"2","="
"2","="
"2","="
"2","="
"2","="
"2","="
"2","="
"2","="
"2","="
"2","="
"2","="
"2","="
"2","
"
"2","downloaded 1.3 MB

"
"2","trying URL 'http://rspm/default/__linux__/focal/latest/src/contrib/rio_1.0.1.tar.gz'
"
"2","Content type 'application/x-gzip'"
"2"," length 596708 bytes (582 KB)
"
"2","="
"2","="
"2","="
"2","="
"2","="
"2","="
"2","="
"2","="
"2","="
"2","="
"2","="
"2","="
"2","="
"2","="
"2","="
"2","="
"2","="
"2","="
"2","="
"2","="
"2","="
"2","="
"2","="
"2","="
"2","="
"2","="
"2","="
"2","="
"2","="
"2","="
"2","="
"2","="
"2","="
"2","="
"2","="
"2","="
"2","="
"2","="
"2","="
"2","="
"2","="
"2","="
"2","="
"2","="
"2","="
"2","="
"2","="
"2","="
"2","="
"2","="
"2","
"
"2","downloaded 582 KB

"
"2","* installing *binary* package ‘rematch’ ...
"
"2","* DONE (rematch)
"
"2","* installing *binary* package ‘R.methodsS3’ ...
"
"2","* DONE (R.methodsS3)
"
"2","* installing *binary* package ‘writexl’ ...
"
"2","* DONE (writexl)
"
"2","* installing *binary* package ‘cellranger’ ...
"
"2","* DONE (cellranger)
"
"2","* installing *binary* package ‘R.oo’ ...
"
"2","* DONE (R.oo)
"
"2","* installing *binary* package ‘readxl’ ...
"
"2","* DONE (readxl)
"
"2","* installing *binary* package ‘R.utils’ ...
"
"2","* DONE (R.utils)
"
"2","* installing *binary* package ‘rio’ ...
"
"2","* DONE (rio)
"
"2","
"
"2",""
"2","The downloaded source packages are in
	‘/tmp/RtmpK9TADS/downloaded_packages’"
"2",""
"2","
"
"2","
rio installed
"
"2","Installing package into ‘/cloud/lib/x86_64-pc-linux-gnu-library/4.3’
(as ‘lib’ is unspecified)
"
"2","also installing the dependencies ‘httpuv’, ‘xtable’, ‘sourcetools’, ‘commonmark’

"
"2","trying URL 'http://rspm/default/__linux__/focal/latest/src/contrib/httpuv_1.6.14.tar.gz'
"
"2","Content type 'application/x-gzip'"
"2"," length 602558 bytes (588 KB)
"
"2","="
"2","="
"2","="
"2","="
"2","="
"2","="
"2","="
"2","="
"2","="
"2","="
"2","="
"2","="
"2","="
"2","="
"2","="
"2","="
"2","="
"2","="
"2","="
"2","="
"2","="
"2","="
"2","="
"2","="
"2","="
"2","="
"2","="
"2","="
"2","="
"2","="
"2","="
"2","="
"2","="
"2","="
"2","="
"2","="
"2","="
"2","="
"2","="
"2","="
"2","="
"2","="
"2","="
"2","="
"2","="
"2","="
"2","="
"2","="
"2","="
"2","="
"2","
"
"2","downloaded 588 KB

"
"2","trying URL 'http://rspm/default/__linux__/focal/latest/src/contrib/xtable_1.8-4.tar.gz'
"
"2","Content type 'application/x-gzip'"
"2"," length 700824 bytes (684 KB)
"
"2","="
"2","="
"2","="
"2","="
"2","="
"2","="
"2","="
"2","="
"2","="
"2","="
"2","="
"2","="
"2","="
"2","="
"2","="
"2","="
"2","="
"2","="
"2","="
"2","="
"2","="
"2","="
"2","="
"2","="
"2","="
"2","="
"2","="
"2","="
"2","="
"2","="
"2","="
"2","="
"2","="
"2","="
"2","="
"2","="
"2","="
"2","="
"2","="
"2","="
"2","="
"2","="
"2","="
"2","="
"2","="
"2","="
"2","="
"2","="
"2","="
"2","="
"2","
"
"2","downloaded 684 KB

"
"2","trying URL 'http://rspm/default/__linux__/focal/latest/src/contrib/sourcetools_0.1.7-1.tar.gz'
"
"2","Content type 'application/x-gzip'"
"2"," length 46954 bytes (45 KB)
"
"2","="
"2","="
"2","="
"2","="
"2","="
"2","="
"2","="
"2","="
"2","="
"2","="
"2","="
"2","="
"2","="
"2","="
"2","="
"2","="
"2","="
"2","="
"2","="
"2","="
"2","="
"2","="
"2","="
"2","="
"2","="
"2","="
"2","="
"2","="
"2","="
"2","="
"2","="
"2","="
"2","="
"2","="
"2","="
"2","="
"2","="
"2","="
"2","="
"2","="
"2","="
"2","="
"2","="
"2","="
"2","="
"2","="
"2","="
"2","="
"2","="
"2","="
"2","
"
"2","downloaded 45 KB

"
"2","trying URL 'http://rspm/default/__linux__/focal/latest/src/contrib/commonmark_1.9.1.tar.gz'
"
"2","Content type 'application/x-gzip'"
"2"," length 143913 bytes (140 KB)
"
"2","="
"2","="
"2","="
"2","="
"2","="
"2","="
"2","="
"2","="
"2","="
"2","="
"2","="
"2","="
"2","="
"2","="
"2","="
"2","="
"2","="
"2","="
"2","="
"2","="
"2","="
"2","="
"2","="
"2","="
"2","="
"2","="
"2","="
"2","="
"2","="
"2","="
"2","="
"2","="
"2","="
"2","="
"2","="
"2","="
"2","="
"2","="
"2","="
"2","="
"2","="
"2","="
"2","="
"2","="
"2","="
"2","="
"2","="
"2","="
"2","="
"2","="
"2","
"
"2","downloaded 140 KB

"
"2","trying URL 'http://rspm/default/__linux__/focal/latest/src/contrib/shiny_1.8.0.tar.gz'
"
"2","Content type 'application/x-gzip'"
"2"," length 4447455 bytes (4.2 MB)
"
"2","="
"2","="
"2","="
"2","="
"2","="
"2","="
"2","="
"2","="
"2","="
"2","="
"2","="
"2","="
"2","="
"2","="
"2","="
"2","="
"2","="
"2","="
"2","="
"2","="
"2","="
"2","="
"2","="
"2","="
"2","="
"2","="
"2","="
"2","="
"2","="
"2","="
"2","="
"2","="
"2","="
"2","="
"2","="
"2","="
"2","="
"2","="
"2","="
"2","="
"2","="
"2","="
"2","="
"2","="
"2","="
"2","="
"2","="
"2","="
"2","="
"2","="
"2","
"
"2","downloaded 4.2 MB

"
"2","* installing *binary* package ‘httpuv’ ...
"
"2","* DONE (httpuv)
"
"2","* installing *binary* package ‘xtable’ ...
"
"2","* DONE (xtable)
"
"2","* installing *binary* package ‘sourcetools’ ...
"
"2","* DONE (sourcetools)
"
"2","* installing *binary* package ‘commonmark’ ...
"
"2","* DONE (commonmark)
"
"2","* installing *binary* package ‘shiny’ ...
"
"2","* DONE (shiny)
"
"2","
"
"2",""
"2","The downloaded source packages are in
	‘/tmp/RtmpK9TADS/downloaded_packages’"
"2",""
"2","
"
"2","
shiny installed
"
"2","Warning: Failed to install/load:
ggris"
